{"cameraMode":{"drawMode":0,"name":"Shaded","section":"Shading Mode"},"sceneLighting":false,"audioPlay":false,"sceneViewState":{"showFog":true,"showMaterialUpdate":true,"showSkybox":false,"showFlares":true,"showImageEffects":true,"showParticleSystems":true},"in2DMode":false,"pivot":{"x":-0.07381685823202133,"y":0.052080586552619937,"z":-0.1838872879743576},"rotation":{"x":-0.2446558028459549,"y":-0.4254657030105591,"z":0.1207551434636116,"w":-0.8629708290100098},"size":0.26842692494392397,"orthographic":false}