{"cameraMode":{"drawMode":0,"name":"Shaded","section":"Shading Mode"},"sceneLighting":false,"audioPlay":false,"sceneViewState":{"showFog":true,"showMaterialUpdate":true,"showSkybox":false,"showFlares":true,"showImageEffects":true,"showParticleSystems":true},"in2DMode":false,"pivot":{"x":-0.3808499574661255,"y":3.923679828643799,"z":-0.41191068291664126},"rotation":{"x":-0.4397326111793518,"y":-0.2006480097770691,"z":0.10218948125839234,"w":-0.8696167469024658},"size":1.7475205659866334,"orthographic":false}