{"cameraMode":{"drawMode":0,"name":"Shaded","section":"Shading Mode"},"sceneLighting":false,"audioPlay":false,"sceneViewState":{"showFog":true,"showMaterialUpdate":true,"showSkybox":false,"showFlares":true,"showImageEffects":true,"showParticleSystems":true},"in2DMode":false,"pivot":{"x":-9.431563377380371,"y":2.444563865661621,"z":-70.59033203125},"rotation":{"x":0.000036172230466036126,"y":0.9574757814407349,"z":-0.2886597514152527,"w":0.00030417589005082846},"size":0.36715009808540347,"orthographic":false}