{"cameraMode":{"drawMode":0,"name":"Shaded","section":"Shading Mode"},"sceneLighting":false,"audioPlay":false,"sceneViewState":{"showFog":true,"showMaterialUpdate":true,"showSkybox":false,"showFlares":true,"showImageEffects":true,"showParticleSystems":true},"in2DMode":false,"pivot":{"x":3.7909042835235597,"y":-1.2812482118606568,"z":2.969891309738159},"rotation":{"x":0.12304393202066422,"y":0.42688998579978945,"z":-0.05885109677910805,"w":0.8940173983573914},"size":6.419751167297363,"orthographic":false}