{"cameraMode":{"drawMode":0,"name":"Shaded","section":"Shading Mode"},"sceneLighting":false,"audioPlay":false,"sceneViewState":{"showFog":true,"showMaterialUpdate":true,"showSkybox":false,"showFlares":true,"showImageEffects":true,"showParticleSystems":true},"in2DMode":false,"pivot":{"x":-0.00030875205993652344,"y":3.140456438064575,"z":0.10270349681377411},"rotation":{"x":-0.3706131875514984,"y":-0.028177913278341295,"z":0.01190862711519003,"w":-0.9284492135047913},"size":0.8788313269615173,"orthographic":false}