{"cameraMode":{"drawMode":0,"name":"Shaded","section":"Shading Mode"},"sceneLighting":false,"audioPlay":false,"sceneViewState":{"showFog":true,"showMaterialUpdate":true,"showSkybox":false,"showFlares":true,"showImageEffects":true,"showParticleSystems":true},"in2DMode":false,"pivot":{"x":0.00673753023147583,"y":3.098116159439087,"z":0.16843342781066895},"rotation":{"x":-0.2206210494041443,"y":-0.26290884613990786,"z":0.062458183616399768,"w":-0.9373403191566467},"size":2.09702467918396,"orthographic":false}