{"cameraMode":{"drawMode":0,"name":"Shaded","section":"Shading Mode"},"sceneLighting":false,"audioPlay":false,"sceneViewState":{"showFog":true,"showMaterialUpdate":true,"showSkybox":false,"showFlares":true,"showImageEffects":true,"showParticleSystems":true},"in2DMode":false,"pivot":{"x":-0.6647428274154663,"y":0.5333960056304932,"z":-1.7146830558776856},"rotation":{"x":0.02401689626276493,"y":-0.9666830897331238,"z":0.09621915966272354,"w":0.23685532808303834},"size":3.3462045192718508,"orthographic":false}