{"cameraMode":{"drawMode":0,"name":"Shaded","section":"Shading Mode"},"sceneLighting":false,"audioPlay":false,"sceneViewState":{"showFog":true,"showMaterialUpdate":true,"showSkybox":false,"showFlares":true,"showImageEffects":true,"showParticleSystems":true},"in2DMode":false,"pivot":{"x":-0.027854222804307939,"y":-0.0024517476558685304,"z":0.0028952956199645998},"rotation":{"x":-0.00621244590729475,"y":0.8833173513412476,"z":-0.46867209672927859,"w":-0.01164600532501936},"size":0.48266375064849856,"orthographic":false}