{"cameraMode":{"drawMode":0,"name":"Shaded","section":"Shading Mode"},"sceneLighting":false,"audioPlay":false,"sceneViewState":{"showFog":true,"showMaterialUpdate":true,"showSkybox":false,"showFlares":true,"showImageEffects":true,"showParticleSystems":true},"in2DMode":false,"pivot":{"x":-0.14552812278270722,"y":3.482962131500244,"z":-0.024933913722634317},"rotation":{"x":-0.25114452838897707,"y":-0.20189957320690156,"z":0.05426687002182007,"w":-0.9452658891677856},"size":1.7788312435150147,"orthographic":false}