{"cameraMode":{"drawMode":0,"name":"Shaded","section":"Shading Mode"},"sceneLighting":false,"audioPlay":false,"sceneViewState":{"showFog":true,"showMaterialUpdate":true,"showSkybox":false,"showFlares":true,"showImageEffects":true,"showParticleSystems":true},"in2DMode":false,"pivot":{"x":1.4362924098968506,"y":-2.8238086700439455,"z":-2.864957571029663},"rotation":{"x":0.061630476266145709,"y":0.9205719828605652,"z":-0.34998902678489687,"w":0.1621014028787613},"size":6.958361625671387,"orthographic":false}