{"cameraMode":{"drawMode":0,"name":"Shaded","section":"Shading Mode"},"sceneLighting":false,"audioPlay":false,"sceneViewState":{"showFog":true,"showMaterialUpdate":true,"showSkybox":false,"showFlares":true,"showImageEffects":true,"showParticleSystems":true},"in2DMode":false,"pivot":{"x":31.233642578125,"y":30.772064208984376,"z":-16.56228256225586},"rotation":{"x":0.18840821087360383,"y":0.46757397055625918,"z":-0.10284195840358734,"w":0.8576059937477112},"size":175.76626586914063,"orthographic":false}