{"cameraMode":{"drawMode":0,"name":"Shaded","section":"Shading Mode"},"sceneLighting":true,"audioPlay":false,"sceneViewState":{"showFog":true,"showMaterialUpdate":true,"showSkybox":true,"showFlares":true,"showImageEffects":true,"showParticleSystems":true},"in2DMode":false,"pivot":{"x":102.41170501708985,"y":461.57073974609377,"z":-5.150508880615234},"rotation":{"x":-0.509319543838501,"y":-0.08511149883270264,"z":0.05141681432723999,"w":-0.8549920320510864},"size":179.1724853515625,"orthographic":false}