{"cameraMode":{"drawMode":0,"name":"Shaded","section":"Shading Mode"},"sceneLighting":false,"audioPlay":false,"sceneViewState":{"showFog":true,"showMaterialUpdate":true,"showSkybox":false,"showFlares":true,"showImageEffects":true,"showParticleSystems":true},"in2DMode":false,"pivot":{"x":0.46491074562072756,"y":2.5009446144104006,"z":0.3608189523220062},"rotation":{"x":-0.36918899416923525,"y":-0.44145193696022036,"z":0.2067079246044159,"w":-0.791448175907135},"size":2.09702467918396,"orthographic":false}