{"cameraMode":{"drawMode":0,"name":"Shaded","section":"Shading Mode"},"sceneLighting":false,"audioPlay":false,"sceneViewState":{"showFog":true,"showMaterialUpdate":true,"showSkybox":false,"showFlares":true,"showImageEffects":true,"showParticleSystems":true},"in2DMode":false,"pivot":{"x":-3.834245443344116,"y":-1.1729927062988282,"z":-1.5326799154281617},"rotation":{"x":-0.07819025963544846,"y":0.8199968338012695,"z":-0.11536358296871185,"w":-0.5552182197570801},"size":4.682663917541504,"orthographic":false}