{"cameraMode":{"drawMode":0,"name":"Shaded","section":"Shading Mode"},"sceneLighting":false,"audioPlay":false,"sceneViewState":{"showFog":true,"showMaterialUpdate":true,"showSkybox":false,"showFlares":true,"showImageEffects":true,"showParticleSystems":true},"in2DMode":false,"pivot":{"x":-9.271408081054688,"y":2.204493522644043,"z":-70.94734191894531},"rotation":{"x":-0.08654137700796128,"y":0.9127087593078613,"z":-0.3022581934928894,"w":-0.2611504793167114},"size":0.23284989595413209,"orthographic":false}