{"cameraMode":{"drawMode":0,"name":"Shaded","section":"Shading Mode"},"sceneLighting":false,"audioPlay":false,"sceneViewState":{"showFog":true,"showMaterialUpdate":true,"showSkybox":false,"showFlares":true,"showImageEffects":true,"showParticleSystems":true},"in2DMode":false,"pivot":{"x":-0.044160570949316028,"y":0.20084723830223084,"z":-0.2535797953605652},"rotation":{"x":-0.372832715511322,"y":-0.16753418743610383,"z":0.06875525414943695,"w":-0.9101399779319763},"size":11.431534767150879,"orthographic":false}