{"cameraMode":{"drawMode":0,"name":"Shaded","section":"Shading Mode"},"sceneLighting":false,"audioPlay":false,"sceneViewState":{"showFog":true,"showMaterialUpdate":true,"showSkybox":false,"showFlares":true,"showImageEffects":true,"showParticleSystems":true},"in2DMode":false,"pivot":{"x":0.09933675825595856,"y":5.284514904022217,"z":-1.5923900604248047},"rotation":{"x":-0.3942751884460449,"y":-0.018211819231510164,"z":0.008493594825267792,"w":-0.9189358949661255},"size":1.7475205659866334,"orthographic":false}