{"cameraMode":{"drawMode":0,"name":"Shaded","section":"Shading Mode"},"sceneLighting":false,"audioPlay":false,"sceneViewState":{"showFog":true,"showMaterialUpdate":true,"showSkybox":false,"showFlares":true,"showImageEffects":true,"showParticleSystems":true},"in2DMode":false,"pivot":{"x":-0.07677196711301804,"y":3.091520309448242,"z":0.21619530022144319},"rotation":{"x":-0.24624401330947877,"y":-0.0614527128636837,"z":0.016205575317144395,"w":-0.9672781229019165},"size":2.09702467918396,"orthographic":false}