{"cameraMode":{"drawMode":0,"name":"Shaded","section":"Shading Mode"},"sceneLighting":true,"audioPlay":false,"sceneViewState":{"showFog":true,"showMaterialUpdate":true,"showSkybox":true,"showFlares":true,"showImageEffects":true,"showParticleSystems":true},"in2DMode":false,"pivot":{"x":687.4483032226563,"y":320.5297546386719,"z":-11.071927070617676},"rotation":{"x":-0.24856996536254884,"y":-0.19785241782665254,"z":0.052459023892879489,"w":-0.9469331502914429},"size":1181.7489013671875,"orthographic":false}