{"cameraMode":{"drawMode":0,"name":"Shaded","section":"Shading Mode"},"sceneLighting":false,"audioPlay":false,"sceneViewState":{"showFog":true,"showMaterialUpdate":true,"showSkybox":false,"showFlares":true,"showImageEffects":true,"showParticleSystems":true},"in2DMode":false,"pivot":{"x":-14.581939697265625,"y":-44.06338119506836,"z":52.15507125854492},"rotation":{"x":-0.4322005808353424,"y":0.10887804627418518,"z":-0.05196051672101021,"w":-0.8938375115394592},"size":175.76626586914063,"orthographic":false}