{"cameraMode":{"drawMode":0,"name":"Shaded","section":"Shading Mode"},"sceneLighting":false,"audioPlay":false,"sceneViewState":{"showFog":true,"showMaterialUpdate":true,"showSkybox":false,"showFlares":true,"showImageEffects":true,"showParticleSystems":true},"in2DMode":false,"pivot":{"x":-4.628883361816406,"y":-4.109450340270996,"z":-1.9399757385253907},"rotation":{"x":-0.1784750521183014,"y":0.801270604133606,"z":-0.29094839096069338,"w":-0.4914790689945221},"size":10.859971046447754,"orthographic":false}