{"cameraMode":{"drawMode":0,"name":"Shaded","section":"Shading Mode"},"sceneLighting":false,"audioPlay":false,"sceneViewState":{"showFog":true,"showMaterialUpdate":true,"showSkybox":false,"showFlares":true,"showImageEffects":true,"showParticleSystems":true},"in2DMode":false,"pivot":{"x":3.176513671875,"y":-1.5469591617584229,"z":-4.944791316986084},"rotation":{"x":0.03802500292658806,"y":0.949063777923584,"z":-0.12633994221687318,"w":0.2864508032798767},"size":6.239629745483398,"orthographic":false}