{"cameraMode":{"drawMode":0,"name":"Shaded","section":"Shading Mode"},"sceneLighting":false,"audioPlay":false,"sceneViewState":{"showFog":true,"showMaterialUpdate":true,"showSkybox":false,"showFlares":true,"showImageEffects":true,"showParticleSystems":true},"in2DMode":false,"pivot":{"x":-4.700841903686523,"y":-4.159304141998291,"z":-1.6976475715637208},"rotation":{"x":-0.18432828783988954,"y":0.7929401397705078,"z":-0.29061877727508547,"w":-0.5028916597366333},"size":10.859971046447754,"orthographic":false}