{"cameraMode":{"drawMode":0,"name":"Shaded","section":"Shading Mode"},"sceneLighting":false,"audioPlay":false,"sceneViewState":{"showFog":true,"showMaterialUpdate":true,"showSkybox":false,"showFlares":true,"showImageEffects":true,"showParticleSystems":true},"in2DMode":false,"pivot":{"x":-1.0129470825195313,"y":-6.256339073181152,"z":3.3866422176361086},"rotation":{"x":-0.5259742736816406,"y":-0.002971731824800372,"z":0.0020087771117687227,"w":-0.8505927920341492},"size":22.863069534301759,"orthographic":false}