{"cameraMode":{"drawMode":0,"name":"Shaded","section":"Shading Mode"},"sceneLighting":false,"audioPlay":false,"sceneViewState":{"showFog":true,"showMaterialUpdate":true,"showSkybox":false,"showFlares":true,"showImageEffects":true,"showParticleSystems":true},"in2DMode":false,"pivot":{"x":3.104651927947998,"y":0.011127829551696778,"z":3.2530105113983156},"rotation":{"x":0.014220582321286202,"y":0.3662426769733429,"z":-0.005680624395608902,"w":0.9304476976394653},"size":4.972718238830566,"orthographic":false}