{"cameraMode":{"drawMode":0,"name":"Shaded","section":"Shading Mode"},"sceneLighting":false,"audioPlay":false,"sceneViewState":{"showFog":true,"showMaterialUpdate":true,"showSkybox":false,"showFlares":true,"showImageEffects":true,"showParticleSystems":true},"in2DMode":false,"pivot":{"x":0.0,"y":3.134999990463257,"z":0.0949999988079071},"rotation":{"x":-0.48327624797821047,"y":-0.0015208659460768104,"z":0.0015575599391013384,"w":-0.8756358027458191},"size":2.09702467918396,"orthographic":false}